제품명,소재,가공방법,사용화학물질,제품용도,수출국
EcoShell Jacket,Polyester,"발수, 코팅","PFAS계 불소수지, 분산염료",아웃도어 의류,"EU, 미국"
Daily Cotton Shirt,Cotton,염색,아조염료,일상 의류,EU
Trail Nylon Tent,Nylon,"발수, 코팅",실리콘계 발수제,캠핑용 텐트,"EU, 미국"
Soft Baby Romper,Cotton,염색,포름알데히드계 수지가공제,유아용 의류,미국
ReLoop Tote,Recycled Polyester,재활용 원사 가공,없음,가방,EU
Pure Cotton Towel,Organic Cotton,편직,없음,생활용 섬유,미국
AquaFlex Swimwear,"Nylon, Spandex",염색,산성염료,스포츠 수영복,"EU, 일본"
UrbanShield Backpack,Polyester,"발수, 코팅",C6 fluorotelomer 발수제,가방,"EU, 미국, 영국"
EcoDenim Jeans,Cotton,"염색, 워싱",인디고 염료,일상 의류,"EU, 일본"
WorkGuard Gloves,Nylon,PU 코팅,DMF,산업용 보호장갑,"EU, 영국"
SleepSafe Mattress Cover,Polyester,난연 코팅,SCCP,생활용 섬유,"EU, 영국"
Kids Raincoat,Polyester,"방수, PU 코팅",PFAS-free 발수제,유아용 의류,"EU, 미국"
FlexMove Leggings,"Nylon, Spandex",염색,분산염료,스포츠 의류,"미국, 일본"
SoftHome Curtain,"Cotton, Linen","염색, 수지가공",포름알데히드계 수지,생활용 섬유,"EU, 미국, 영국"
ReFleece Pullover,Recycled Polyester,재활용 원사 가공,없음,아웃도어 의류,"EU, 영국"
MedGuard Gown,Polypropylene,부직포,없음,의료용 가운,"미국, 일본"
Vegan Leather Seat Cover,Polyester,PU 코팅,프탈레이트계 가소제,자동차 내장재,"EU, 미국"
Japan Baby Bib,Cotton,"염색, 발수",불소 무첨가 발수제,유아용 섬유,일본
Korea Active Leggings,"Nylon, Spandex","편직, 염색",산성염료,스포츠 의류,대한민국
Korea Baby Romper,Organic Cotton,"편직, 염색",없음,유아용 의류,대한민국
Korea PFOS Shell,Polyester,"발수, 코팅",PFOS,아웃도어 의류,대한민국
China Cotton Tee,Cotton,"편직, 염색",반응성염료,일상 의류,중국
China Kids Hoodie,"Cotton, Polyester","편직, 염색, 프린팅",안료 프린트,아동용 의류,중국
Canada Wool Sweater,Wool,"편직, 염색",산성염료,일상 의류,캐나다
Canada PFAS Rain Shell,Nylon,"발수, 코팅",PFOA,아웃도어 의류,캐나다
Australia Linen Shirt,Linen,"직조, 염색",반응성염료,일상 의류,호주
Australia Kids Pyjamas,Cotton,"편직, 염색",반응성염료,아동용 잠옷,호주
Australia PFAS Outdoor Jacket,Nylon,"발수, 코팅",PFAS계 불소수지,아웃도어 의류,호주
