국가,규제명,규제상태,발표일,확정일,주요시행일,유예기간,최근확인일
중국,China Product Quality & Textile Labelling,시행 중,-,-,상시,"GB/T 29862-2026은 2027-08-01부터 2013판 대체 예정; GB/T 5296.4는 권고표준 개정 진행",2026-10-07
중국,China GB 18401-2010,시행 중,2011-01-14,2011-01-14,2012-08-01,MIIT 공식 시행 연기 공지 반영,2026-10-07
중국,China GB 31701-2015,시행 중,2015-05-26,2015-05-26,2016-06-01,해당 없음,2026-10-07
캐나다,Canada Textile Labelling Act & Regulations,시행 중,-,-,상시,퀘벡 등 지역별 추가 언어요건 별도 확인,2026-10-07
캐나다,Canada Textile Flammability Regulations,시행 중,2016-06-22,2016-06-22,2016-06-22,아동 잠옷·텐트·매트리스 등 별도 제품규정 적용,2026-10-07
캐나다,Canada Children's Sleepwear Regulations,시행 중,2016-06-22,2016-06-22,2016-06-22,해당 없음,2026-10-07
캐나다,"Canada Prohibition of Certain Toxic Substances Regulations, 2025",시행 중,2025-12-31,2025-12-12,2026-06-30,물질별 허용활동·기존 재고·permit 경과조치 확인,2026-10-07
호주,Australia Care Labelling Information Standard 2023,시행 중,2023-09-04,2023-09-04,2025-03-05,18개월 전환기간 종료,2026-10-07
호주,Australia Children's Nightwear Safety Standard 2017,시행 중,2017-04-20,2017-04-20,2017-04-20,해당 없음,2026-10-07
호주,Australia IChEMS Schedule 7 PFAS,시행 중,2024-12-06,2024-12-06,2025-07-01,Commonwealth·주·준주별 환경법 도입·집행 상태 확인,2026-10-07
EU,EU REACH,시행 중,-,-,상시,해당 없음,2026-10-01
EU,PFAS Restriction,시행 예정,2024-09-19,2024-09-19,2026-10-10,"일반 소비자용 섬유는 2027-10-10 등 제품군별 일정·예외 확인",2026-10-07
EU,ESPR,제안·검토,2025-04-16,-,2027년 섬유·의류 조치 채택 목표(잠정),세부 위임법률에서 확정 예정,2026-10-07
EU,EU POPs,시행 중,-,-,상시,해당 없음,2026-10-01
미국,TSCA PFAS Reporting,시행 예정,2023-10-11,2026-04,최종 개정규칙 발효 후 60일 또는 2027-01-31 중 이른 날 시작,제출기간 시작 후 6개월,2026-10-07
미국,California Proposition 65,시행 중,-,-,상시,해당 없음,2026-10-01
EU,EU Textile Labelling Regulation,시행 중,-,-,상시,해당 없음,2026-10-01
미국,California AB 1817,시행 중,-,-,2025-01-01,"2027-01-01 총유기불소 기준 강화",2026-10-01
미국,FTC Textile Fiber Products Identification Act,시행 중,-,-,상시,해당 없음,2026-10-01
미국,CPSIA,시행 중,-,-,상시,"수입 규제제품 eFiling 일정 별도 확인",2026-10-01
영국,UK REACH,시행 중,-,-,상시,해당 없음,2026-10-01
영국,UK POPs,시행 중,-,-,상시,해당 없음,2026-10-01
영국,UK Textile Products Labelling,시행 중,-,-,상시,해당 없음,2026-10-01
일본,Japan CSCL,시행 중,-,-,상시,해당 없음,2026-10-01
일본,Household Goods Quality Labeling Act,시행 중,-,-,상시,해당 없음,2026-10-01
대한민국,가정용 섬유제품 안전기준,시행 중,-,-,상시,해당 없음,2026-10-01
대한민국,KC 유아용 섬유제품 안전기준,시행 중,-,-,상시,해당 없음,2026-10-01
대한민국,KC 아동용 섬유제품 안전기준,시행 중,-,-,상시,해당 없음,2026-10-01
대한민국,K-REACH 제품 내 중점관리물질 신고,시행 중,-,-,상시,해당 없음,2026-10-01
베트남,Vietnam Goods Labelling Decree 37/2026/ND-CP,시행 중,2026-01-23,2026-01-23,2026-01-23,"Article 98: 종전 적합 재고는 표시 사용기한까지, 2026-01-23 전 인쇄 라벨·포장은 최장 2028-01-23까지",2026-10-07
베트남,Vietnam QCVN 01:2017/BCT + Amendment 01:2026,시행 중,2017-10-23,2026-06-30,"2019-01-01 / 2026 개정 2026-07-01","63/VBHN-TT-BCT 통합본 기준으로 범위·절차 재확인",2026-10-07
인도,India Legal Metrology Garment & Hosiery Labelling,시행 중,2022-08-22,2023-10-06,"2023-01-01 / 사이즈 문구 개정 2024-01-01","2023 개정의 사이즈 표시 선택지 반영",2026-10-07
인도,India DGFT Hazardous Dyes Import Policy,시행 중,-,-,현행,"Appendix 2X 시험면제국과 General Note 최신판을 선적 시 확인",2026-10-07
대만,Taiwan Apparel & Garment Labelling Criteria,시행 중,2022-10-24,2022-10-24,2023-05-18,해당 없음,2026-10-07
대만,Taiwan Textile Labelling Criteria,시행 중,2022-11-02,2022-11-02,2023-05-18,해당 없음,2026-10-07
대만,Taiwan Mandatory Textile Inspection CNS 15290/15291,시행 중,2021-01-28,2021-01-28,2021-02-01,"제품군별 사전검사·시장구매검사 절차 구분",2026-10-07
뉴질랜드,NZ Textile Consumer Information Standards,시행 중,2000-08-17,2024-03-25,"섬유·관리 2000-10-01 / 원산지 1993-07-01·최신개정 2024-05-01","세 기준별 적용품·예외를 각각 확인",2026-10-07
뉴질랜드,NZ Children's Nightwear Product Safety Standard,시행 중,-,-,2016-04-18,"구규정 전환 종료 2017-04-17",2026-10-07
