국가,규제명,대상물질,적용제품,기준,시행일,확인사항,필요자료,대응방안,우선순위,매칭유형,기본점수,화학키워드,공정키워드,소재키워드,용도키워드
EU,EU REACH,"SVHC, 아조염료, 포름알데히드, 중금속, 프탈레이트",섬유 및 소비재,"제한물질·SVHC 함량과 정보전달 의무 검토",상시,"제한물질 포함 여부, SVHC 후보물질 함량, 공급망 정보전달","SDS, 시험성적서, 공급업체 성분확인서","제한물질 스크리닝을 실시하고 고위험 성분의 대체 및 공급망 증빙을 확보",높음,country_baseline,18,"아조염료|포름알데히드|납|카드뮴|중금속|프탈레이트|DMF|SVHC","염색|코팅|가공","Polyester|Nylon|Cotton","의류|유아|가방|텐트"
EU,PFAS Restriction,"PFHxA, PFOA, PFOS, PFHxS, 기타 PFAS, 불소계 발수제","일반 소비자용 의류·액세서리·신발 및 일반 소비자용 섬유; 적용예외 별도 확인","PFHxA 및 기존 PFAS 의무와 범용 제한안 진행상황 검토","일반 소비자용 의류·액세서리·신발 2026-10-10 / 기타 일반 소비자용 섬유 2027-10-10 / 적용예외 별도 확인 / 범용 PFAS 제한안 미확정","PFAS 계열 발수제 및 불소수지 사용 여부","SDS, 공급업체 성분확인서, 불소 스크리닝 시험자료","현행 PFAS 한도를 판정하고 회사 정책상 PFAS-free 대상에는 대체 가공제와 공급망 확인 절차를 수립",높음,pfas,24,"PFAS|PFHxA|PFOA|PFOS|PFHxS|불소|fluoro|fluorotelomer|PTFE","발수|방수|코팅","Polyester|Nylon","아웃도어|텐트|의류"
EU,ESPR,"제품 지속가능성 정보, 우려물질","EU 시장에 출시되는 섬유제품","제품군별 에코디자인 및 디지털 제품여권 요구사항 검토","기본법 시행 중 / 섬유·의류 조치는 작업계획상 2027년 채택 목표(잠정) / 실제 적용일 미확정","제품 구성, 내구성, 재활용성, 우려물질 정보","BOM, 원산지·공급망 자료, 재활용 원료 증빙, 환경성 데이터","제품 데이터 체계를 정비하고 디지털 제품여권에 필요한 항목을 선제적으로 수집",보통,sustainability,10,"SVHC|PFAS|우려물질","염색|코팅|재활용","Polyester|Nylon|Cotton|Recycled","의류|가방|생활섬유|텐트"
EU,EU POPs,"현행 Annex I POPs(예: PFOS, PFOA, PFHxS, PBDE, HBCD, SCCP, UV-328, Dechlorane Plus 등)","섬유, 코팅 제품","잔류성유기오염물질 함량 제한 검토",상시,"POPs 대상물질 함유 가능성","SDS, 원료 성분표, 공인시험기관 시험성적서","대상물질 비함유 확인과 공급업체 보증을 확보하고 필요 시 정량시험을 실시",높음,keyword,20,"PFOS|PFOA|PFHxS|PBDE|HBCD|단쇄염화파라핀|SCCP|UV-328|Dechlorane Plus","발수|코팅","Polyester|Nylon","아웃도어|텐트"
미국,TSCA PFAS Reporting,"40 CFR 705.3 구조정의에 해당하는 PFAS","2011~2022년에 PFAS 또는 PFAS 함유 article을 제조하거나 미국에 수입한 자","2011~2022 PFAS 제조·수입 이력과 보고 범위 검토","제출기간은 2027-01-31 또는 향후 실체개정 최종규칙 발효 후 60일 중 빠른 날부터 시작; 일반 6개월, 해당 소규모 article-only 수입자 12개월","PFAS 사용 이력과 수입 제품 내 함유 여부","공급업체 설문, SDS, 구매·수입 기록, 성분확인서","미국 수입자와 과거 사용 이력을 포함한 PFAS 인벤토리를 구축하고 보고 대상 여부를 확인",높음,pfas,22,"PFAS|PFOA|PFOS|불소|fluoro","발수|방수|코팅","Polyester|Nylon","아웃도어|텐트|의류"
미국,California Proposition 65,"포름알데히드, 납·납 화합물, 카드뮴·카드뮴 화합물, 등재된 개별 프탈레이트, 삼산화안티몬 등","캘리포니아에서 등재물질 노출을 유발하는 소비재; 원칙적으로 직원 10명 미만 사업자는 면제","노출 수준과 경고표시 필요성 검토",상시,"등재물질 함유 및 소비자 노출 가능성","SDS, 시험성적서, 노출평가 자료, 공급업체 확인서","등재물질 스크리닝 후 노출평가를 수행하고 필요 시 경고표시 또는 대체를 검토",보통,keyword,18,"포름알데히드|납|카드뮴|DEHP|DBP|BBP|DINP|삼산화안티몬|antimony trioxide","염색|수지가공|코팅","Cotton|Polyester","유아|의류|생활섬유"
EU,EU Textile Labelling Regulation,섬유 조성 및 라벨 정보,EU 판매 섬유제품,"섬유명칭과 혼용률 표시의 정확성 검토",상시,"라벨의 섬유 조성, 언어, 혼용률 표기","BOM, 원사 성적서, 제품 라벨 시안","공급업체 조성 자료와 완제품 라벨을 대조하고 판매국 언어 요건을 확인",보통,country_baseline,7,"혼용률|섬유조성","봉제|편직|직조","Polyester|Nylon|Cotton|Linen|Spandex|Polypropylene","의류|가방|생활섬유|텐트|수영복"
미국,California AB 1817,"PFAS, 불소계 발수제","캘리포니아 판매 섬유제품","의도적으로 첨가해 기능·기술적 효과를 내는 PFAS는 농도와 무관하게 금지; 총유기불소 기준은 제품 또는 구성부품별 2025년 100 ppm, 2027년 50 ppm","2025-01-01 시행 / 2027-01-01 총유기불소 기준 강화","의도적 PFAS 사용 여부와 총유기불소 자료","권한자 서명 Certificate of Compliance, 공급업체 조성·무첨가 확인; 위험기반 총유기불소 시험성적서","규제 PFAS 비사용 설계와 공급업체 보증체계를 구축하고 캘리포니아 판매 제품을 구분 관리",높음,pfas,24,"PFAS|PFOA|PFOS|불소|fluoro|fluorotelomer","발수|방수|코팅","Polyester|Nylon","의류|가방|텐트|생활섬유"
미국,FTC Textile Fiber Products Identification Act,섬유 조성 및 원산지 표시,"Textile Act 적용 의류 및 가정용 섬유제품; 일반 가방·백팩·텐트 등 비적용 품목 제외","섬유 함량, 원산지, 제조자·수입자·판매책임기업의 정식 명칭 또는 RN",상시,"라벨 조성률, 책임기업 식별, 원산지","BOM, 원사 성적서, 라벨 시안, 원산지 자료","섬유 조성과 라벨 문구를 대조하고 온라인 표시 정보까지 일관되게 관리",보통,use_required,7,"혼용률|섬유조성","봉제|편직|직조","Polyester|Nylon|Cotton|Linen|Spandex|Polypropylene","의류|수영복|침구|커튼|타월|카펫|러그|생활섬유"
미국,CPSIA,"아동제품의 접근 가능한 구성부품 총납, 표면도료·코팅 납, 해당 시 규제 프탈레이트 및 적용 제품안전규칙","주로 12세 이하 어린이를 위해 설계·의도된 섬유제품","접근 가능한 구성부품 총납 100 ppm, 표면도료·유사 코팅 납 90 ppm, 적용 대상 장난감·child care article의 규제 프탈레이트 각각 0.1% 초과 금지","수입 규제제품 eFiling 2026-07-08 시행 / FTZ 제품 2027-01-08","연령 등급, 납·프탈레이트 함량, 추적 라벨","CPC, 시험성적서, 부품명세서, 추적 라벨 자료","제품 분류에 맞는 시험을 실시하고 Children's Product Certificate와 생산 추적자료를 준비",높음,child_use_required,20,"납|프탈레이트","코팅|프린팅","Cotton|Polyester","유아|아동|어린이"
영국,UK REACH,"SVHC, 아조염료, 포름알데히드, 프탈레이트","GB(England·Scotland·Wales) 시장 섬유제품; Northern Ireland는 EU REACH 별도 적용","영국 REACH 제한물질과 공급망 의무 검토",상시,"제한물질 및 SVHC 함유 여부","SDS, 시험성적서, 공급업체 성분확인서","EU 자료의 적용 가능성을 점검하고 영국 기준에 맞춘 제한물질 증빙을 별도 관리",높음,country_baseline,16,"아조염료|포름알데히드|프탈레이트|DMF|SVHC","염색|코팅|수지가공","Polyester|Nylon|Cotton","의류|가방|생활섬유|장갑"
영국,UK POPs,"현행 GB Annex I POPs(예: PFOS, PFOA, PFHxS, PBDE, HBCD, SCCP, UV-328, Dechlorane Plus 등)","GB 판매 섬유·코팅제품; Northern Ireland는 EU POPs 기준 별도 적용","잔류성유기오염물질 제한 검토",상시,"POPs 대상물질 함유 가능성","SDS, 원료 성분표, 시험성적서","POPs 비함유 확인서를 확보하고 난연·발수·코팅 원료를 우선 시험",높음,keyword,18,"PFOS|PFOA|PFHxS|PBDE|HBCD|SCCP|단쇄염화파라핀|UV-328|Dechlorane Plus","난연|발수|코팅","Polyester|Nylon","아웃도어|생활용|장갑"
영국,UK Textile Products Labelling,섬유 조성 및 라벨 정보,"GB 판매 섬유제품; Northern Ireland는 EU 섬유 라벨링 규칙 별도 적용","섬유 조성명과 혼용률 표시 검토",상시,"라벨 조성률과 제품 설명의 일치 여부","BOM, 원사 성적서, 라벨 시안","제품 라벨과 온라인 판매정보의 섬유 조성을 동일하게 관리",보통,country_baseline,7,"혼용률|섬유조성","봉제|편직|직조","Polyester|Nylon|Cotton|Linen|Spandex","의류|가방|생활섬유"
일본,Japan CSCL,"PFOS, PFOA 및 그 염·관련물질, SCCP 등 제1종특정화학물질","화심법 시행령상 물질별 지정제품에 해당하는 섬유제품(예: PFOA계 발수·발유 처리 직물·의류, SCCP 사용 방염처리 직물 등)","화학물질심사규제법상 지정물질과 지정제품 해당 여부 검토",상시,"지정화학물질과 불소계·방염 처리제 사용 여부","SDS, 성분확인서, 시험성적서, 지정제품 해당성 검토서","물질별 지정제품 목록과 원료 성분을 대조하고 수입자에게 비함유·비적용 증빙을 제공",높음,keyword,16,"PFOS|PFOA|SCCP|불소|fluoro","발수|방수|난연","Polyester|Nylon","의류|유아|수영복"
일본,Household Goods Quality Labeling Act,섬유 조성 및 취급표시,"섬유제품 품질표시규정상 지정 품목","섬유 조성, 취급방법 및 일본어 표시 검토",상시,"일본어 라벨, 혼용률, 세탁·취급 표시, 일본 내 표시책임자 명칭 및 주소 또는 전화번호","BOM, 원사 성적서, 케어라벨 시안, 표시책임자 자료","일본어 품질표시와 취급표시를 준비하고 조성 자료와 대조 검토",보통,country_baseline,7,"혼용률|섬유조성","염색|봉제|편직|직조","Polyester|Nylon|Cotton|Linen|Spandex|Polypropylene","의류|유아|수영복|생활용|가운"
대한민국,가정용 섬유제품 안전기준,"폼알데하이드, 아릴아민, pH, 유기주석, 알러지성 염료, 사용금지 방염제, 적용 시 다이메틸푸마레이트(DMFu)·니켈","만 14세 이상 외의·중의·내의·침구류 등; 기타 제품은 표시요건 중심으로 별도 판정","안전기준준수대상 생활용품의 세부분류별 안전요건과 한글 표시 검토","상시(최신 고시 확인)","외의·중의·내의·침구류·기타 제품별 유해물질 기준, 섬유 혼용률, 취급상 주의사항 및 한글 표시","원단·부자재 명세서, 위험기반 시험성적서, 한글 라벨 시안, 공급업체 확인서","제품 세부분류에 맞는 위험기반 검증과 표시사항 검토를 실시하고 출고 전 증빙을 보관",높음,adult_use_required,14,"아조염료|아릴아민|포름알데히드|폼알데하이드|유기주석|알러지성 염료|DMFu|다이메틸푸마레이트|니켈|방염제","염색|코팅|수지가공|프린팅","Polyester|Recycled Polyester|Nylon|Cotton|Organic Cotton|Linen|Spandex|Wool|Acrylic|Polypropylene","의류|수영복|생활용 섬유|침구"
대한민국,KC 유아용 섬유제품 안전기준,"폼알데하이드, 아릴아민, pH, 유기주석, 알러지성 염료, NP·NPEO, 적용 시 프탈레이트·납·카드뮴·니켈·방염제","36개월 미만 유아용 의류 및 섬유제품","안전확인 신고, KC 표시와 어린이제품 공통·개별 안전기준 검토",상시,"사용 연령, 원단·부자재별 유해물질 기준, 코드·조임끈 등 물리적 안전 및 표시사항","시험·검사성적서, 안전확인 신고자료, BOM, KC·한글 표시 시안","지정 시험·검사기관의 안전성 확인 후 안전확인 신고와 KC 표시를 완료하고 모델별 자료를 관리",높음,use_required,22,"아조염료|아릴아민|포름알데히드|폼알데하이드|유기주석|알러지성 염료|NP|NPEO|프탈레이트|납|카드뮴|니켈|방염제","염색|코팅|프린팅|수지가공","Cotton|Organic Cotton|Polyester|Nylon|Spandex|Wool","유아용|영아|36개월 미만|0~35개월"
대한민국,KC 아동용 섬유제품 안전기준,"폼알데하이드, 아릴아민, pH, 유기주석, 알러지성 염료, NP·NPEO, 적용 시 프탈레이트·납·카드뮴·니켈·방염제","36개월 이상 만 13세 이하 아동용 섬유제품","공급자적합성확인, KC 표시와 어린이제품 공통·개별 안전기준 검토",상시,"대상 연령, 원단·코팅·부자재의 유해물질 기준, 코드·조임끈 등 물리적 안전 및 표시사항","적합성 입증자료(자체·공인·외국기관·원부자재 시험자료 등), 공급자적합성확인서, BOM, KC·한글 표시 시안","어린이제품 공통안전기준과 아동용 섬유제품 개별기준을 함께 검토하고 공급자적합성확인 자료를 보관",높음,use_required,18,"아조염료|아릴아민|포름알데히드|폼알데하이드|유기주석|알러지성 염료|NP|NPEO|프탈레이트|납|카드뮴|니켈|방염제","염색|코팅|프린팅|수지가공","Cotton|Organic Cotton|Polyester|Nylon|Spandex|Wool","아동용|어린이"
대한민국,K-REACH 제품 내 중점관리물질 신고,중점관리물질,대한민국에서 생산 또는 수입되는 중점관리물질 함유제품,"제품 1개당 개별 중점관리물질 0.1중량% 초과와 신고의무자별 취급제품 전체의 해당 물질 연간 총량 1톤 초과를 모두 충족하는지 검토",상시,"최신 중점관리물질 목록, 제품 내 함량, 신고의무자별 물질 연간 총량, 노출 가능성과 면제 여부","SDS, 공급업체 성분확인서, CAS·물질별 함량자료, 연간 생산·수입량 계산서, 제품 사용설명서·사진, 면제판단서","CAS 기반 중점관리물질 인벤토리를 구축하고 두 신고요건과 면제를 판정한 뒤 신고·정보제공 증빙을 유지",높음,keyword,20,"중점관리물질","발수|방수|코팅|염색","Polyester|Recycled Polyester|Nylon|Cotton|Organic Cotton|Linen|Spandex|Wool|Acrylic|Polypropylene","의류|유아|아동|가방|텐트|생활용|수영복|장갑"
