국가,규제명,대응요약,즉시조치,권장시험,필요자료상세,담당부서,권장일정,완료기준,실무주의사항,공식출처
"중국","China Product Quality & Textile Labelling","제품질량법의 법정 중국어 표시와 적용 강제표준을 우선 확정하고 섬유함량·취급표시 권고표준의 버전 전환을 별도로 관리한다.","제품명·생산자명과 주소·합격증명·적용 시 규격·등급·주요성분·경고 등 제품질량법 필수항목을 체크|적용 제품표준·GB 18401 안전기술등급과 실제 섬유조성·취급정보를 중국어 라벨·행택에 반영|현행 GB/T 29862-2013과 2027-08-01 시행 예정 2026판의 전환 SKU·라벨 일정을 수립","표시 혼용률 근거가 부족한 제품의 정량 섬유조성|케어 지침 수립을 위한 세탁·건조·견뢰도 시험|생산샘플과 승인 라벨의 문구·모델·표준번호 대조","완제품 BOM·원사·원단 조성서|혼용률·관리시험 성적서|중국어 라벨·행택·포장·온라인 시안|생산자·중국 책임자 정보와 적용 법률·강제·권고표준 목록","라벨링/중국 제품규제 주관 · 품질·상품기획·구매·패키징·중국 수입자 협업","개발 초기에 적용표준 확정, 라벨 발주 전 법정문구 승인, 2027-08-01 전 GB/T 29862-2026 전환 완료","법정 필수표시와 적용 강제표준이 실제 제품사양에 맞고 권고표준 사용 여부·버전이 명확히 구분되어 생산 SKU와 연결된 상태","GB/T 5296.4-2012는 2017년부터 권고표준이므로 단독 강제규제로 표현하지 않는다. GB/T 29862-2026도 2027-08-01 시행 전까지는 2013판과 전환시점을 구분한다.","https://www.samr.gov.cn/fgs/zcfg/art/2023/art_301562498871481cb45c03b61fb25dc0.html"
"중국","China GB 18401-2010","제품의 최종 용도와 피부접촉 수준으로 A·B·C 안전기술 범주를 정하고 원단부터 후가공·프린트까지 위험기반 시험자료를 구축한다.","영유아용 A류·피부 직접접촉 B류·비직접접촉 C류 중 제품 범주를 확정|겉감·안감·프린트·코팅·장식 부위를 나눠 가공제와 고위험 물질을 검토|완제품 또는 대표 원단의 해당 안전항목 시험과 중국어 표시를 확인한 뒤 출하 LOT를 승인","폼알데하이드·pH·이취|분해성 발암 방향족아민 염료|내수·땀·마찰·타액 등 제품 범주별 색견뢰도","제품 용도·피부접촉 분류표와 부위별 BOM|염료·조제·프린트·코팅 SDS와 성분확인서|공인 시험성적서와 시료·LOT 연결자료|중국어 라벨·행택 시안과 승인기록","중국 제품규제/품질 주관 · 소재개발·구매·염색가공·중국 수입자 협업","소재 승인 시 범주·위험 검토, 라벨 인쇄와 중국 선적 전에 시험·표시 완료","A·B·C 분류근거와 해당 시험결과가 모든 적용 부위·색상군을 포괄하고 승인 라벨과 출하 LOT가 연결된 상태","GB 18401은 강제 안전표준이지만 모든 섬유제품에 동일 수치를 적용하지 않는다. 최종 용도·피부접촉별 범주와 적용 제품표준을 함께 확인한다.","https://openstd.samr.gov.cn/bzgk/std/newGbInfo?hcno=52C1F4CBDE863F5095D7C9D17F8E3F71"
"중국","China GB 31701-2015","영유아·아동 모델은 GB 18401 공통 안전항목에 연령별 화학·코드·조임끈·부착물 요건을 더해 완제품 단위로 검증한다.","36개월 이하 영유아와 3세 이상 14세 이하 아동을 구분하고 모델·사이즈 범위를 확정|원단·코팅·프린트·장식품과 코드·조임끈·작은 부품의 화학·물리 위험을 부위별로 평가|대표 색상·부위 시험과 중국어 연령·안전범주 표시를 완료하고 생산 샘플을 승인","GB 18401 공통 화학·견뢰도 항목|코팅·프린트 부위의 납·카드뮴·프탈레이트 등 적용 항목|코드·조임끈·부착강도·날카로운 끝 등 물리 안전과 해당 시 연소성","연령·모델·사이즈 분류표와 부위별 BOM|가공제·코팅제 성분확인서|화학·물리 시험성적서와 시료사진|중국어 표시 시안·생산샘플 승인·LOT 기록","제품안전/품질 주관 · 디자인·소재개발·구매·생산·중국 수입자 협업","디자인 동결 전 물리안전 검토, 소재 승인 시 화학검토, 양산·선적 전 시험과 표시 완료","연령별 제품 범위와 모든 접근 가능 부위의 화학·물리 적합성이 입증되고 판매모델·라벨·LOT에 연결된 상태","아동제품에는 GB 31701만 단독 적용하는 것이 아니라 GB 18401과 관련 제품표준도 함께 검토한다. 영유아와 아동의 범주·표시 요구를 혼동하지 않는다.","https://openstd.samr.gov.cn/bzgk/std/newGbInfo?hcno=1698157554F00EED2E79EC6BFF7F4DF0"
"캐나다","Canada Textile Labelling Act & Regulations","적용 소비자 섬유제품의 실제 혼용률과 영어·불어 일반명, 딜러 식별정보를 판매 전 라벨에 일치시킨다.","제품이 법 적용 대상인지와 신발·가방 등 제외 품목인지 먼저 분류|5질량% 이상 섬유와 구획별 조성을 일반명·질량비로 확정|영어·불어 섬유명과 캐나다 딜러명·영업지 또는 CA 번호가 들어간 라벨을 생산샘플과 대조","서류가 부족하거나 경계 혼용률인 제품의 정량 섬유조성|영구라벨 대상의 세탁 10회 후 가독성·부착성|완제품·온라인·포장 표시 상호 대조","원사·원단 조성서와 구획별 BOM|혼용률 시험성적서|영어·불어 라벨·포장·온라인 시안|캐나다 딜러의 명칭·주소 또는 CA 번호와 승인기록","라벨링/QA 주관 · 상품기획·구매·패키징·캐나다 수입자 협업","라벨 발주 전 적용성·문구 승인, 캐나다 출하 전 생산샘플 최종 대조","실제 조성과 법정 일반명·질량비가 일치하고 이중언어·딜러 식별·라벨 형태가 적용 규정에 맞는 상태","핸드백·일반 신발 등 여러 품목은 연방 섬유표시 대상에서 제외될 수 있다. 연방 케어라벨은 자발적이지만 퀘벡 언어요건 등 판매지역 규칙은 별도 확인한다.","https://competition-bureau.canada.ca/en/labelling/textile-labelling/textile-labelling-requirements"
"캐나다","Canada Textile Flammability Regulations","별도 제품규정 대상이 아닌 일반 섬유제품·침구를 최종 가공 상태로 분류하고 CAN/CGSB 시험으로 화염확산 적합성을 입증한다.","아동 잠옷·텐트·매트리스 등 별도 규정 또는 제외 품목인지 먼저 확인|평활면·기모면·침구 중 시험 범주와 대표 원단·색상·마감 조건을 정함|CAN/CGSB-4.2 No. 27.5 시험 후 기준 미달 원단을 격리하고 변경 원인을 LOT까지 추적","평활면 화염확산시간 3.5초 초과|기모면에서 기저섬유 점화·융해 시 4초 초과|침구 화염확산시간 7초 초과","제품 적용성·표면 분류표|원단 중량·조직·기모·가공 사양서|공인 시험성적서와 전처리 기록|부적합 격리·원인분석·재시험 및 LOT 추적자료","제품안전/품질 주관 · 소재개발·구매·시험실·캐나다 수입자 협업","원단 승인과 주요 가공 변경 시 시험, 캐나다 선적 전 적용성·성적서 확인","제품 범주와 대표조건이 문서화되고 법정 화염확산시간을 충족한 성적서가 판매 SKU·LOT에 연결된 상태","아동 잠옷·텐트·매트리스·바닥재에는 별도 규정이 적용된다. 일반 섬유 가연성 성적서를 별도 제품규정의 증빙으로 재사용하지 않는다.","https://laws-lois.justice.gc.ca/eng/regulations/SOR-2016-194/FullText.html"
"캐나다","Canada Children's Sleepwear Regulations","14X 이하 아동 잠옷을 밀착형·헐렁한 형태로 정확히 분류하고 완제품 화염시험, 난연처리 독성 및 영구표시를 모델별로 완료한다.","제품명·광고·치수·디자인으로 14X 이하 아동 잠옷 해당성과 밀착형·헐렁한 형태를 판정|원단·봉제사·트림·프린트까지 대표 시료를 구성해 전처리 포함 화염저항을 시험|난연처리 시 독성자료와 영어·불어 ‘flame retardant/ignifugeant’·관리방법 영구라벨을 승인","밀착형 제품의 적용 화염확산 시험|헐렁한 잠옷의 5개 시편 평균 탄화길이와 전장 탄화 시편 수|난연처리 제품의 급성독성·피부자극·감작성·유전독성 등 규정 시험","모델·치수·착용형태 판정서와 사진|원단·트림·프린트 BOM 및 가공제 성분표|세탁·건조 전처리와 화염시험 성적서|난연처리 시 독성자료·이중언어 영구라벨·LOT 기록","제품안전/품질 주관 · 디자인·소재개발·시험실·라벨·캐나다 수입자 협업","디자인 동결 전 형태 판정, 양산 원단 승인 시 시험, 광고·판매·수입 전 라벨과 증빙 완료","각 판매모델의 형태·치수·시험조건이 확정되고 화염·독성·표시 요건을 충족한 증빙이 생산 LOT와 연결된 상태","밀착형과 헐렁한 잠옷은 시험 기준이 다르며 세트 구성품도 각각 판정할 수 있다. 일반 Textile Flammability Regulations로 대체하지 않는다.","https://laws-lois.justice.gc.ca/eng/regulations/SOR-2016-169/FullText.html"
"캐나다","Canada Prohibition of Certain Toxic Substances Regulations, 2025","PFOS·PFOA·장쇄 PFCA와 난연 POPs 등 열거 물질의 의도적 사용과 미량오염을 물질별 한도·예외에 따라 판정한다.","발수·방오·난연·코팅·재생원료와 부자재의 전체 처방·CAS를 확보해 Schedule 1과 대조|PFOS·PFOA·장쇄 PFCA·PBDE·HBCD·SCCP 등 후보 부위를 공급망 증빙과 표적시험으로 확인|기준 초과 또는 금지된 의도적 사용 제품은 캐나다 출하를 보류하고 대체·허용활동·재고 경과조치를 문서화","PFOS·PFOA·장쇄 PFCA 표적 LC-MS/MS와 필요 시 전구체 확인|PBDE·HBCD·SCCP 등 난연·코팅 후보물질 정량|균질재료·코팅층·재생원료 분리 시료의 물질별 한도 판정","전체 BOM·처방·CAS·SDS·TDS|공급업체 비함유·비의도적 첨가 확인|ISO/IEC 17025 범위의 시험성적서|허용활동·경과조치·부적합 격리·대체승인 기록","환경/EHS·제품규제 주관 · 소재가공 R&D·구매·QA·캐나다 수입자 협업","신규 원료 승인과 캐나다 선적 전; 2026-06-30 이후 제품은 물질별 경과조치·예외를 즉시 확인","모든 후보물질의 CAS·함량·의도성이 부위·LOT별로 판정되고 금지 사용이 없으며 해당 예외·미량오염 근거가 문서화된 상태","이 규정은 모든 PFAS를 일괄 금지하는 규정이 아니다. 열거 물질마다 미량오염 한도·허용활동·기존 재고 경과조치가 달라 총불소 하나로 적합을 단정하지 않는다.","https://laws-lois.justice.gc.ca/eng/regulations/SOR-2025-270/FullText.html"
"호주","Australia Care Labelling Information Standard 2023","최종 소재·염색·후가공에서 검증한 세탁·표백·건조·다림질·전문관리 방법을 영문 또는 국제기호 영구라벨로 제공한다.","제품이 의류·가정용 섬유·침구·원단·원사 등 적용 품목인지와 가방·신발 등 제외 여부를 확인|최종 완제품에 안전한 세탁·표백·건조·다림질·전문관리 조건을 시험·공급망 자료로 결정|영문 관리지침 또는 ISO 3758 5개 기호 라벨을 제작해 부착 위치·내구성·생산샘플을 승인","세탁 치수변화·외관·색상변화와 염색 견뢰도|표백·건조·다림질·전문세탁 적합성|라벨 세탁 후 가독성·부착 내구성","원단·염색·후가공 사양서와 BOM|완제품 관리시험·견뢰도 성적서|영문 문구 또는 기호 라벨 시안|생산샘플 검수와 변경승인 기록","품질/라벨링 주관 · 소재개발·염색가공·패키징·호주 수입자 협업","개발샘플에서 관리조건 확정, 라벨 발주 전 승인, 호주 공급 전 생산샘플 대조","제품 손상 없이 수행 가능한 관리방법이 검증되고 영구라벨의 문구·기호·부착이 판매 SKU와 일치하는 상태","가방·대부분의 신발 등은 적용 제외다. 이 표준은 케어라벨 규정이므로 섬유 혼용률 표시의무로 확대 해석하지 않는다.","https://www.productsafety.gov.au/business/search-mandatory-standards/care-labelling-for-clothing-and-textiles-mandatory-standard"
"호주","Australia Children's Nightwear Safety Standard 2017","00~14 사이즈 아동 잠옷을 4개 화재위험 범주로 분류하고 원단·트림·디자인 시험과 법정 경고라벨을 판매 전에 완료한다.","제품 용도·사이즈·형태를 확인해 규정 대상 아동 잠옷 또는 제한된 주간복인지 분류|원단 중량·조성·기모와 트림 길이·디자인을 기준으로 AS/NZS 1249 범주와 시험계획을 확정|시험결과에 맞는 저위험 또는 고위험 화재경고 라벨을 부착하고 온라인 이미지·생산샘플을 대조","세탁·건조 전처리 후 원단 화염·융해·용융적하 관련 시험|트림과 부착물의 화재위험 시험|제품 범주별 원단 질량·치수·디자인 확인","스타일·사이즈표와 제품 사진|원단·트림·봉제사 BOM 및 사양서|공인 시험성적서와 범주 판정서|화재위험 라벨 시안·생산샘플·온라인 표시 기록","제품안전/품질 주관 · 디자인·소재개발·시험실·전자상거래·호주 수입자 협업","디자인 동결 전 범주 판정, 양산 원단 승인 시 시험, 호주 공급 전 라벨·온라인 표시 완료","판매 스타일이 허용 4개 범주 중 하나로 판정되고 원단·트림·디자인 시험과 해당 경고라벨이 사이즈·LOT별로 연결된 상태","모든 아동복이 대상은 아니다. 잠옷으로 판매·인식되는 제품과 규정에 열거된 일부 제품만 범위를 판정하고 일반 의류에 화재경고를 임의 적용하지 않는다.","https://www.productsafety.gov.au/business/search-mandatory-standards/nightwear-for-children-mandatory-standard"
"호주","Australia IChEMS Schedule 7 PFAS","PFOS·PFOA·PFHxS와 관련물질의 의도적 사용·미량오염을 확인하고 판매 지역의 환경법 도입 상태까지 포함해 수입·사용·폐기 결정을 기록한다.","발수·방오·코팅·멤브레인·심실링·부자재의 처방과 CAS를 확보해 IChEMS PFAS 항목에 대조|공급망 증빙이 불충분한 고위험 부위를 PFOA·PFOS·PFHxS 표적시험과 전구체 분석으로 판정|비의도적 미량오염 한도·기존 사용 article·연구 등 예외와 주·준주 집행법을 확인해 대체 또는 출하승인을 문서화","PFOA·PFOS·PFHxS 및 관련 전구체 LC-MS/MS|필요 시 TOPA와 총유기불소 스크리닝|폐기·재활용 대상의 물질별 농도 확인","전체 BOM·처방·CAS·SDS·TDS|공급업체 PFAS 선언과 가공제 투입량|시험성적서·전구체 판정·시료 LOT 자료|적용 예외·주별 법적용·대체승인·폐기 기록","환경/EHS·화학규제 주관 · 소재가공 R&D·구매·QA·호주 수입자 협업","신규 원료 승인과 호주 출하 전; 판매 주·준주 또는 Commonwealth 적용법 변경 시 재평가","표적 PFAS의 의도적 사용과 한도·예외가 부위·LOT별로 판정되고 적용 지역의 법적 집행상태와 출하결정 근거가 연결된 상태","IChEMS Register 표준은 2025-07-01부터 해당 항목에 효력이 있으나 실제 집행은 Commonwealth·주·준주의 환경법 도입 단계가 다르다. 전국에 동일한 벌칙이 이미 적용된다고 단정하지 않는다.","https://www.legislation.gov.au/F2022L01658/latest"
"EU","EU REACH","부품 단위 제한물질 적합성과 SVHC 의무를 양산 전에 닫고 EU 수입자가 즉시 제시할 수 있는 기술문서를 구축한다.","스타일·색상별 BOM을 원단·프린트·코팅·접착제·금속 및 플라스틱 부자재까지 분해하고 CAS·SDS·TDS를 수집|최신 Annex XVII와 Candidate List에 대조해 구성품별 제한물질과 개별 article별 SVHC >0.1% w/w 여부를 기록|위험기반 시험 후 부적합은 출하 보류·대체하고 해당 시 Article 33·SCIP·Article 7(2) 의무를 EU 수입자와 완료","아조염료 유래 제한 방향족아민|포름알데히드|프탈레이트·DMF|납·카드뮴 및 금속부자재 니켈 용출","부품 단위 BOM·CAS 목록|SDS·TDS 및 최신 REACH 선언서|시료·LOT가 연결된 시험성적서|SVHC 농도판정표와 해당 시 Article 33 안내문·SCIP 제출번호","제품규제/EHS 주관 · 구매·협력사 품질·시험실·EU 수입자 협업","원부자재 승인 전 판정, 양산·출하 전 위험기반 시험 완료; 공급처·처방 또는 목록 변경 시 재평가","모든 구성품의 제한물질 판정과 필요한 위험기반 시험이 완료되고 해당 SVHC 정보전달·신고 증빙이 제품 기술문서에 연결된 상태","SDS만으로 완제품 적합을 입증할 수 없다. Article 7(2) 통지는 SVHC >0.1% w/w와 동일 물질 연간 1톤 초과를 모두 충족할 때 예외 검토 후 적용하며, SCIP은 폐기물기본지침에 따른 별도 의무다.","https://echa.europa.eu/substances-restricted-under-reach"
"EU","PFAS Restriction","PFHxA와 기존 PFAS 규제를 우선 판정하고 범용 PFAS 제한안에 대비해 불소계 발수·코팅의 추적성과 회사 PFAS-free 전환계획을 구축한다.","원단·멤브레인·코팅·심실링 테이프·지퍼까지 PFAS 사용지도를 만들고 전체 처방·CAS를 공급업체에 요구|균질재료별 총불소 스크리닝과 PFHxA·PFOA·PFOS·PFHxS 표적분석으로 고위험 SKU를 확인|현행 한도 부적합 LOT는 출하 보류하고 회사 정책상 PFAS-free 대상은 대체 처방의 발수·내구 성능을 재승인","총불소 또는 유기불소 스크리닝|PFHxA·PFOA·PFOS·PFHxS 및 관련 전구체 표적분석|대체제 발수도·세탁내구·물성 확인","전체 처방·CAS 선언과 PFAS 무첨가 확인서|SDS·TDS 및 가공제 투입량|균질재료별 시험성적서|대체제 성능시험과 변경승인 기록","화학규제/EHS 주관 · 가공 R&D·구매·QA·법무·EU 수입자 협업","일반 소비자용 의류·액세서리·신발은 적용예외 확인 후 2026-10-09까지 PFHxA 판정; 기타 일반 소비자용 섬유는 2027-10-09까지","PFHxA와 기존 POPs·REACH PFAS 한도를 충족하고 현행 규제로 금지된 PFAS의 의도적 사용이 없으며 회사 정책상 PFAS-free 대상 SKU는 대체 승인이 완료된 상태","범용 PFAS 제한안은 아직 최종 법령이 아니다. 총불소 결과만으로 법적 적합을 단정하지 말고 제품별 적용예외와 PFHxA·기존 PFAS 한도를 각각 판정한다.","https://eur-lex.europa.eu/eli/reg/2024/2462/oj/eng"
"EU","ESPR","섬유 세부 위임법률 전까지 제품 데이터의 출처와 책임자를 정하고 대표 SKU로 디지털 제품여권 운영체계를 선행 검증한다.","EU 경제운영자와 제품군·SKU·고유식별자 체계를 확정|BOM·공급자·시설·중량·재생원료·우려물질·내구성·수선 및 재활용 데이터를 수집|QR 등 데이터 캐리어 기반 모의 DPP를 만들고 데이터 변경·접근권한·백업·승인 절차를 시험","색상견뢰도·세탁 치수변화|필링·마모·봉제강도 등 내구성|재생원료 함량과 공급망 추적성 파일럿","제품·구성품 BOM과 공급망 ID|재생원료 원산·거래 증빙|우려물질 및 내구성 시험자료|수선·관리·폐기 안내와 데이터 버전 이력","지속가능경영/ESG 주관 · 제품개발·PLM/IT·구매·규제·품질 협업","3개월 이내 데이터 갭 분석과 대표 SKU 파일럿; 작업계획상 2027년 조치 채택 목표를 모니터링하고 실제 위임법률 적용일 전 전환","대표 SKU의 데이터 원천·책임자·갱신주기가 정해지고 증빙과 연결된 모의 DPP가 생성된 상태","ESPR 기본법은 시행 중이지만 섬유 DPP 항목·시험법·적용일은 미확정이다. 대형 경제운영자는 2026-07-19부터 적용되는 미판매 의류·신발 폐기금지도 별도 확인한다.","https://eur-lex.europa.eu/legal-content/EN/TXT/?uri=CELEX:52025DC0187"
"EU","EU POPs","발수·난연·코팅·재생원료의 POPs 위험을 LOT 단위로 확인하고 부적합 제품의 출하를 차단하며 폐기·재활용은 Annex IV 등 폐기물 기준으로 별도 판정한다.","PFOS·PFOA·PFHxS·PBDE·HBCD·SCCP·UV-328·Dechlorane Plus 사용 가능성이 있는 원료·공정을 선별|공급업체 POPs 선언과 고위험 부위 정량시험을 현행 Annex I 기준으로 판정|초과품을 격리·출하중지하고 원인 LOT와 원료를 추적한 뒤 폐기 전 Annex IV 한도와 허용 처리방식을 확인","PFAS류 표적 LC-MS/MS|PBDE·HBCD·SCCP·UV-328·Dechlorane Plus 적합 분석|코팅층·프린트·폼·재생 충전재 분리 시료 시험","POPs 무함유 선언과 전체 성분확인서|LOT별 시험성적서|원료·재생원료 추적자료|예외 검토와 부적합 격리·폐기·시정조치 기록","EHS/제품규제 주관 · 구매·협력사 품질·시험실·폐기물 담당 협업","신규 소재 승인 및 출하 전; 재생원료·난연·발수 공급처 변경 시 즉시","해당 Annex I 미량오염 한도 미만이고 금지된 의도적 사용이 없으며 시험·추적자료가 제품 LOT에 연결된 상태","물질별 한도와 예외가 다르므로 단일 PFAS-free 선언으로 POPs 전체 적합을 대체하지 않는다. 폐기·재활용은 제품 한도와 별도로 Annex IV 기준을 판정한다.","https://eur-lex.europa.eu/eli/reg/2019/1021"
"미국","TSCA PFAS Reporting","미국 수입자와 2011~2022년 PFAS 함유 완제품 수입 이력을 복원해 보고 판단과 CDX 제출 근거를 마련한다.","미국 Importer of Record와 보고 주체·사업장을 확정하고 2011~2022년 수입 SKU·물량을 연도별 복원|원단·발수제·코팅·멤브레인·부자재의 PFAS CAS·함량·용도를 공급업체와 내부 기록에서 조사|PFAS별·연도별 수입량과 용도·농도구간을 정리해 CDX 초안과 자료공백 기록을 만들고 법정 제출기간에 맞춰 제출","신규 시험은 법정 의무가 아님|기존 PFAS·총불소 시험결과를 조사하되 총불소만으로 40 CFR 705 PFAS라고 단정하지 않음|자료공백이 큰 발수·방오·불소계 멤브레인 SKU만 위험기반 선별시험","2011~2022년 수입신고·PO·송장·SKU별 수량|BOM·SDS·TDS·CAS와 공급업체 회신기록|기존 시험성적서와 산정근거|NKRA 판단·CDX 초안·제출확인서 및 제출기간 마지막 날부터 5년간 보존기록","미국 수입법인 TSCA Authorized Official/EHS 주관 · 한국 본사 구매·R&D·품질·통관·IT 협업","내부 인벤토리는 2026-12-31까지 완료 권고; 실제 제출은 현행 40 CFR 705.20에 따라 개시일부터 일반 6개월, 해당 소규모 article-only 수입자는 12개월","대상 연도·SKU·공급업체 전수의 보고 여부와 근거가 있고 보고 대상은 CDX 접수와 법정 5년 보존체계가 완료된 상태","법적 보고 주체는 미국 제조자·수입자이며 한국 기업은 데이터 지원자다. 완제품 수입자 제외는 제안 단계일 수 있으므로 최종 규칙 전 면제로 가정하지 않는다.","https://www.epa.gov/assessing-and-managing-chemicals-under-tsca/tsca-section-8a7-reporting-and-recordkeeping"
"미국","California Proposition 65","등재물질 함유 여부와 실제 소비자 노출을 함께 평가해 대체·무경고·경고 중 하나의 근거 있는 결론을 제품별로 확정한다.","BOM·SDS·공급업체 자료를 최신 목록과 대조하고 프린트·PVC 부자재·금속장식·코팅·접착제를 우선 선별|후보물질은 예상 사용조건의 노출경로·노출량을 평가해 NSRL 또는 MADL과 비교|경고가 필요하면 제품 라벨·라벨링에 직접 적용하거나 유통망 방식을 선택한 경우 규정상 서면통지·경고자료·수령확인을 확보하고 온라인 구매 전 경고와 배송제품 경고를 확인","BOM 후보물질 대상 등재 프탈레이트·납·카드뮴·포름알데히드 표적시험|사용빈도·피부접촉·용출량을 반영한 노출평가|제품 및 온라인 경고 노출 위치 검증","화학물질 인벤토리·BOM·SDS·공급업체 선언|시험성적서·노출평가·NSRL/MADL 비교서|경고 문안·라벨 승인본·온라인 화면 캡처|유통망 방식을 선택한 경우 서면통지와 수령확인","EHS/제품규제·법무 주관 · R&D·구매·품질·패키징·미국 영업 협업","캘리포니아 판매·광고 시작 전; 2028-01-01 이후 제조·라벨링 제품의 short-form safe harbor는 각 독성 endpoint별 최소 1개 물질명 포함; 변경 시 재평가","후보물질마다 비노출·안전수준 이하·경고 적용 결론과 근거가 있고 필요한 경고가 구매 전 노출되는 상태","등재물질이 검출됐다는 사실만으로 경고가 자동 결정되지 않는다. 농도시험과 실제 노출평가를 구분한다.","https://www.p65warnings.ca.gov/business-resources/frequently-asked-questions-businesses"
"EU","EU Textile Labelling Regulation","실제 섬유 조성과 법정 섬유명칭을 일치시키고 실물·포장·온라인 정보를 판매국 언어로 동일하게 관리한다.","완제품과 법상 표시 대상 섬유 구성부분의 실제 혼용률을 BOM·원사자료로 확정하고 제외항목 근거를 기록|Annex I 정식 섬유명칭으로 변환하고 판매국 언어 라벨과 동물 유래 비섬유 부분 표시를 작성|실물 라벨·포장·카탈로그·온라인 상세페이지를 출하 샘플과 교차검수","서류가 불충분하거나 경계 혼용률인 제품의 정량 섬유조성|라벨 가독성·내구성|생산 샘플과 승인시안 대조","원사·원단 조성서와 구성부분별 BOM|정량분석 성적서|국가별 번역본과 라벨·포장·온라인 시안|동물 유래 비섬유 부분 확인서","제품컴플라이언스/QA 주관 · 상품기획·패키징·전자상거래·EU 수입자 협업","라벨 인쇄·대량생산 승인 전 및 온라인 판매정보 게시 전","법정 제외항목·허용오차 적용근거가 문서화되고 표시된 섬유 조성비 합계가 100%이며 실제 조성과 허용오차 내 일치하는 상태","내부명 Spandex는 EU 법정 섬유명 elastane으로 변환한다. 세탁취급·사이즈·원산지는 별도 법규를 함께 확인한다.","https://eur-lex.europa.eu/eli/reg/2011/1007/2018-02-15/eng"
"미국","California AB 1817","캘리포니아 판매 섬유의 의도적 PFAS를 제거하고 총유기불소 기준·대체제 검토·적합확인서를 제품·SKU·LOT 증빙과 연결해 관리한다.","원단·발수·방오·코팅·멤브레인·부자재의 의도적 PFAS 사용을 중단하고 구매계약에 무첨가 요건을 반영|대체제의 유해성과 발수·내구 성능을 비교해 least toxic alternative 선정 근거를 승인|고위험 구성부품의 총유기불소를 확인하고 권한자 서명 Certificate of Compliance를 판매·유통업체에 제공","공급망 자료와 위험평가 우선; 고위험 제품·구성부품은 총유기불소 100 ppm 미만 확인|2027년 판매분 고위험 부위 50 ppm 미만 사전 검증|양성·경계 결과의 표적 PFAS 분석과 공정추적","전체 BOM·공정 화학물질·처방자료|PFAS 무첨가 선언과 구매계약/RSL|위험기반 총유기불소·표적 PFAS 성적서|대체제 유해성·성능 비교와 서명 CoC 전달기록","제품규제/EHS 주관 · 소재·가공 R&D·구매·QA·법무·캘리포니아 영업 협업","현행 기준은 출하 전; 50 ppm 전환은 2026-12-31까지; 전문 습윤환경 예외는 2028-01-01 종료 대비; AB 347 등록·준수일정 별도 모니터링","모든 구성부품에 의도적 PFAS가 없고 적용시점 총유기불소 기준을 충족하며 서명 CoC가 제품·SKU·LOT 증빙과 연결된 상태","시험 수치만으로 의도적 첨가를 단정하지 않는다. 전문 습윤환경 예외 사용 시 실물과 온라인에 “Made with PFAS chemicals”를 읽기 쉽게 표시한다.","https://leginfo.legislature.ca.gov/faces/billTextClient.xhtml?bill_id=202120220AB1817"
"미국","FTC Textile Fiber Products Identification Act","Textile Act 적용품의 섬유 함량·원산지·책임기업 표시를 실제 생산사양과 일치시키고 원료부터 완제품까지 3년간 추적 가능하게 만든다.","제품이 Textile Act 적용품인지 먼저 분류하고 구획별 섬유 조성을 확인해 일반명과 중량비를 내림차순으로 확정|라벨에 섬유 조성·원산지·책임기업 정식 명칭 또는 RN을 넣고 위치·가독성을 검토|생산 샘플과 회사 운영 온라인 정보를 승인시안에 대조하고 라벨 근거를 원료부터 완제품까지 보존","최초 생산·공급처 변경·주기 생산분의 섬유 혼용률|라벨 부착상태·가독성·포장 투시성|회사 운영 시 실물 라벨과 온라인 상품정보 일치 검수","원단업체 혼용률 확인서·BOM·시험성적서|원산지 판정용 원사·원단·염색·봉제 공정기록|라벨 artwork·생산 승인본·온라인 상품정보|책임기업 정식 명칭 또는 RN 자료(RN은 선택사항)와 송장·PO·대체라벨 기록","품질/라벨링·제품규제 주관 · 소재구매·생산·무역·미국 영업·법무 협업","라벨 발주 전 artwork 승인, 선적 전 생산 샘플·온라인 최종 대조; 표시 근거 3년 보존","실제 조성과 라벨의 일반명·중량비가 일치하고 원산지·책임기업 명칭 또는 RN이 정확하며 3년 추적 가능한 상태","일반 가방·백팩·텐트 등 비적용 품목을 먼저 제외한다. 온라인은 원산지 표시가 필요하고 특정 섬유를 언급·암시하는 광고에는 관련 섬유정보 규칙을 적용한다.","https://www.ftc.gov/business-guidance/resources/threading-your-way-through-labeling-requirements-under-textile-wool-acts"
"미국","CPSIA","12세 이하 아동제품의 연령과 구조에 맞는 CPSC 규칙을 확정하고 시험·인증서·추적라벨·해당 수입품 eFiling을 하나의 LOT 증빙으로 연결한다.","아동의류·잠옷·육아용품별 적용규칙과 시험면제 매트릭스를 작성|아동제품은 CPSC-accepted 제3자 시험소 결과로 CPC를 발행하고 일반제품 규칙이 함께 적용되면 시험 또는 reasonable testing program에 근거해 GCC 여부를 판정|아동제품 추적라벨과 material change 재시험 절차를 운영하고 인증 대상 수입 완제품은 미국 수입자가 certificate data를 eFile","일반 의류 16 CFR Part 1610 연소성|아동제품 접근부품 총납·표면도료 납|프린트·코팅·지퍼·스냅·장식품 우선시험|해당 시 아동잠옷·조임끈·프탈레이트 규칙","연령등급·적용규칙 결정서|CPSC-accepted 시험소 성적서와 scope|CPC와 해당 시 GCC 또는 시험제외 근거|추적라벨·주기시험·material change 기록|eFiling 접수와 아동제품 16 CFR Part 1107 기록 5년 보존자료","미국 수입자 Product Safety/QA 주관 · 한국 제조사 품질·R&D·구매·시험소·통관 협업","생산승인·미국 선적 전; 안전성 영향 변경 시 다음 생산분 전에 재시험","적용규칙별 적합 결과 또는 유효한 제외근거가 있고 SKU·LOT와 일치하는 인증서·추적라벨·해당 eFiling 기록이 확보된 상태","프탈레이트와 eFiling은 모든 의류에 일률 적용되지 않는다. 16 CFR 1610 시험면제 직물의 GCC 집행정책도 확인하고 면제범위를 부자재에 확대하지 않는다.","https://www.cpsc.gov/Business--Manufacturing/Business-Education/Business-Guidance/Certificates"
"영국","UK REACH","GB와 Northern Ireland의 적용체계를 구분하고 UK 전용 제한물질·SVHC 판정과 수입자 의무를 별도 문서화한다.","GB·NI 목적지와 GB 수입자 또는 Only Representative 역할을 확정|EU 자료를 그대로 전용하지 않고 UK Annex 17·UK Candidate List 기준으로 구성품별 갭분석|위험기반 시험 후 SVHC 정보전달과 해당 시 HSE 통지를 GB 수입자와 완료","아조아민·포름알데히드|프탈레이트·DMF|중금속·니켈 용출 등 소재별 위험기반 시험","UK 전용 규제매트릭스·BOM·CAS|SDS·TDS·UK REACH/SVHC 선언|시험성적서와 수입자/OR 역할확인|연간 물량계산·HSE 통지·소비자 질의 대응문","제품규제/EHS 주관 · GB 수입자/OR·구매·품질·법무 협업","최초 GB 선적 전; Candidate List·Annex 17·처방·공급자 변경 시 재평가","전 구성품 제한 적합과 UK SVHC 판정이 끝나고 정보제공·45일 소비자 응답·필요 통지 체계가 준비된 상태","UK REACH는 GB에 적용하고 Northern Ireland에는 EU REACH가 적용된다. HSE 통지는 article >0.1% w/w와 신고의무자별 연 1톤 초과를 함께 검토하며 EU SCIP 번호가 이를 대체하지 않는다.","https://www.hse.gov.uk/REACH/substance-in-articles-notification.htm"
"영국","UK POPs","GB·NI 목적지별 POPs 기준으로 부적합 제품의 선적·판매를 차단하고 폐기·재활용은 목적지별 폐기물 POPs 기준으로 별도 판정한다.","GB·NI 목적지와 발수·난연·코팅·재생원료 위험지도를 확정|현행 GB 또는 EU POPs 목록과 미량오염 한도에 맞춰 공급업체 선언과 고위험 부위 시험|초과품을 격리·선적중지하고 원료를 추적한 뒤 목적지별 폐기물 한도와 허용 처리방식을 확인","PFOS·PFOA·PFHxS 표적분석|PBDE·HBCD·SCCP·UV-328·Dechlorane Plus 분석|코팅·프린트·폼·재생재 분리 시료 시험","UK POPs 선언과 전체 성분·SDS|균질부위·코팅별 시험성적서|LOT 추적과 적용 가능한 예외 근거|부적합 처리·폐기 증빙","EHS/제품규제 주관 · GB 수입자·구매·QA·폐기물 담당 협업","소재승인과 모든 출하 전; 발수·난연·재생원료 변경 시 즉시","목적지별 한도 미만이고 금지된 의도적 사용이 없으며 적용 가능한 예외 근거와 부적합 재고 처리까지 추적되는 상태","GB는 UK 체계, Northern Ireland는 EU POPs 체계를 적용한다. 제품 한도 초과와 폐기물 처리기준은 별도로 판정하고 시험기관에 제품 구조와 시장을 명시한다.","https://www.gov.uk/government/publications/persistent-organic-pollutants-pops-policy-information/persistent-organic-pollutants-pops-policy-information"
"영국","UK Textile Products Labelling","GB 판매용 섬유 조성과 동물 유래 부분 표시를 실제 제품에 맞추고 실물·광고·온라인 정보를 일치시킨다.","완제품과 법상 표시 대상 섬유 구성부분별 실제 조성을 확정하고 제외항목 근거를 기록|허용 섬유명·중량비와 동물 유래 비섬유 부분을 라벨에 반영|실물 라벨·포장·광고·온라인 판매정보를 출하 샘플과 교차검수","자료가 불충분한 혼방의 정량 섬유분석|세탁 후 라벨 가독성·부착상태|출하 샘플과 승인시안 대조","BOM·원사 및 원단 조성서|구성부분별 분석성적서|라벨·온라인 시안|동물 유래 부분 선언과 변경승인 이력","제품컴플라이언스/QA 주관 · 상품·패키징·전자상거래·GB 수입자 협업","라벨 발주·양산 전 및 온라인 판매 개시 전","법정 제외항목·허용오차 적용근거가 문서화되고 표시된 섬유 조성비 합계가 100%이며 실제값과 허용오차 내 일치하는 상태","GOV.UK 지침은 GB 대상이다. Northern Ireland 판매는 EU 섬유 라벨링 규칙을 별도 확인한다.","https://www.legislation.gov.uk/eur/2011/1007/body/2012-05-08"
"일본","Japan CSCL","발수·발유·방염 등 지정제품 여부를 먼저 판정하고 해당 제품의 제1종 특정화학물질 비사용을 일본 수입자와 입증한다.","제품·HS코드·가공기능을 최신 물질별 지정제품표와 대조해 적용 여부를 확정|발수·발유·방오·방염·코팅제별 CAS 성분표와 제1종 특정화학물질 비사용 확인서를 확보|대상물질 사용이 확인되거나 확인 불가하면 출하를 보류하고 원료대체 또는 위험기반 시험 후 일본 수입자 승인","불소계 가공의 PFOS·PFOA·PFOA 관련물질 표적분석|염소계 방염·가소화 원료의 SCCP 표적분석|시험법·검출한계·시료 LOT 적정성 확인","완제품·부자재 BOM과 공정·가공제 목록|SDS·TDS·CAS 성분확인서|최신 목록 기준 비사용 확인서와 시험성적서|HS코드·지정제품 해당성 검토와 일본 수입자 승인","환경규제/EHS 주관 · 구매·품질·일본 수입자·통관 협업","가공제 승인 전 판정, 양산 전 증빙 완료, 늦어도 일본 선적·통관 전 승인","지정제품 해당성 판단이 문서화되고 적용 원료·가공제의 비사용 근거와 일본 수입자 출하승인이 확보된 상태","화심법은 일본 수입 섬유 전체에 일률 적용되지 않는다. 물질별 지정제품 해당성을 먼저 확인하고 대상물질 사용 제품은 출하하지 않는다.","https://www.meti.go.jp/policy/chemical_management/kasinhou/qa/answer.html"
"일본","Household Goods Quality Labeling Act","제품 유형별 섬유 조성·취급표시·표시책임자 정보를 일본어 라벨과 실제 성능에 일치시킨다.","제품 유형별 법정 표시사항과 부위별 혼용률을 확정|JIS L 0001 취급표시와 해당 시 발수성 표시 근거를 시험·사양자료로 검증|일본 내 표시책임자 정보가 포함된 일본어 라벨을 승인하고 양산품을 검수하며 회사 운영 시 온라인 정보도 권장 대조","섬유 혼용률|세탁·표백·건조·다림질·상업세탁 조건|라벨 내구·판독성|해당 시 JIS L 1092 발수성","부위별 BOM·원사 및 원단 조성서|혼용률·세탁취급·해당 시 발수 시험자료|일본어 라벨 시안|표시책임자 명칭·주소 또는 전화번호와 최종 승인기록","품질/제품규제 주관 · 소재개발·시험실·라벨기획·일본 판매자/수입자 협업","라벨 발주 전 검토하고 일본 판매 전 완료","지정용어와 실제 혼용률·취급기호가 근거자료와 일치하고 표시책임자 정보와 견고한 일본어 라벨이 적용된 상태","화학물질 제한 규제가 아니라 소비자용 품질표시 규제다. 제품별 표시대상과 2024판 취급표시 적용을 확인한다.","https://www.caa.go.jp/policies/policy/representation/household_goods/law/law_04.html"
"대한민국","가정용 섬유제품 안전기준","만 14세 이상 제품의 법정 세부분류와 부위별 화학위험을 확인하고 한글 표시와 LOT 증빙으로 출고를 승인한다.","만 14세 이상인지와 외의·중의·내의·침구류·기타 제품 세부분류를 확정|겉감·안감·프린트·코팅·부자재별 유해물질 위험과 공급업체 증빙을 검토|위험기반 시험과 한글 법정표시를 확인한 뒤 내부 출고승인을 완료","제품 분류별 폼알데하이드·pH·아릴아민|적용 시 알러지성 염료·유기주석·다이메틸푸마레이트(DMFu)·사용금지 방염제·니켈|혼용률·취급표시와 실제 사양 대조","원·부자재 BOM과 가공제 SDS·성분확인서|공급업체 및 필요 시 완제품 시험성적서|한글 표시 시안|LOT 추적자료와 내부 출고승인서","품질/제품안전 주관 · 구매·소재개발·생산·라벨 담당 협업","원부자재 승인 시 1차 검토, 라벨 인쇄 및 국내 출고·수입 전 완료","부위·LOT별 안전기준 적합 근거가 있고 혼용률·제조자/수입자·제조국·허용 추적표시·취급주의·표시자 연락처가 완료된 상태","안전기준준수대상 생활용품은 법정 사전시험 의무와 KC마크 부착 대상이 아니다. 치수는 일반 법정 필수항목으로 단정하지 말고 제품 세부분류별 표시기준을 확인한다.","https://www.law.go.kr/LSW/admRulInfoP.do?admRulSeq=2100000263200&chrClsCd=010202&urlMode=admRulLsInfoP"
"대한민국","KC 유아용 섬유제품 안전기준","36개월 미만 모델은 지정기관 시험·안전확인 신고·KC 표시를 실제 판매모델과 일치시키고 5년간 증빙한다.","대상 연령과 모델 구분을 확정하고 겉감·안감·프린트·코팅·장식품별 시험시료를 구성|지정 시험·검사기관에 공통안전기준과 유아용 섬유제품 기준 시험을 의뢰|적합 결과로 안전확인 신고 후 KC 안전확인표시와 개별 표시사항을 출고품에 반영","폼알데하이드·pH·아릴아민·알러지성 염료·유기주석·NP·NPEO|합성수지 코팅·프린트·부자재 등 적용 시 프탈레이트·납·카드뮴·니켈·방염제|작은 부품 부착강도·코드·조임끈 등 물리적 안전","사업자등록증·제품설명서·모델/BOM·부위표|지정기관 시험·검사결과서|안전확인 신고확인증|KC·한글 라벨 시안과 생산 LOT 기록","제품안전/인증 주관 · 품질·디자인·구매·생산·국내 수입자 협업","양산 전 시험 착수, 국내 제조품 출고 전 또는 수입품 통관 전 법정 절차 완료","판매모델을 포괄하는 적합 성적서와 신고확인증이 있고 KC 안전확인표시·개별표시가 정확하며 관련 자료가 5년 보관되는 상태","색상·재질·구조가 신고모델 범위를 벗어나면 추가 모델 또는 변경 검토가 필요하다. 공급업체 성적서만으로 안전확인 신고를 대체하지 않는다.","https://www.law.go.kr/LSW/admRulLsInfoP.do?admRulSeq=2100000271284"
"대한민국","KC 아동용 섬유제품 안전기준","36개월 이상 만 13세 이하 제품은 적합성 근거·공급자적합성확인서·KC 표시를 모델별로 연결해 5년간 관리한다.","대상 연령·제품·모델과 적용 부위·색상군을 확정|자체·공인·외국기관 또는 허용되는 원부자재 근거로 화학·물리 안전기준 적합성을 확인|공급자적합성확인서를 작성하고 KC·한글 표시를 부착한 뒤 모델별 증빙파일을 보관","폼알데하이드·pH·아릴아민·알러지성 염료·유기주석·NP·NPEO|합성수지 코팅·프린트·부자재 등 적용 시 프탈레이트·납·카드뮴·니켈·방염제|후드·허리 코드와 조임끈 등 물리적 안전","공급자적합성확인서·제품설명서·BOM·시료사진|허용되는 시험·원부자재 적합 근거와 성분확인서|주의·경고 및 KC·한글 라벨 시안|모델·LOT 추적자료","품질/제품안전 주관 · 구매·디자인·생산·라벨·국내 수입자 협업","디자인 동결 전 물리안전 검토, 원부자재 승인 시 화학검토, 국내 출고·수입 전 확인서·표시 완료","정확한 모델을 포괄하는 적합 근거와 공급자적합성확인서가 있고 KC·주의경고·개별표시 및 5년 서류보관이 완료된 상태","유아용과 달리 안전확인 신고 대상은 아니다. 공급자적합성확인서 작성과 표시·증빙 보관 의무를 구분한다.","https://www.law.go.kr/LSW/admRulLsInfoP.do?admRulSeq=2100000269554"
"대한민국","K-REACH 제품 내 중점관리물질 신고","CAS·함량·연간 물량을 물질별로 연결해 0.1중량%와 연간 1톤의 두 기준 및 면제를 판정하고 필요한 신고·정보제공을 완료한다.","최신 중점관리물질 목록으로 원단·가공제·프린트·코팅·부자재 CAS 인벤토리를 구축|신고의무자(생산자 또는 수입자)별 취급제품 전체의 함량과 연간 생산·수입량을 합산해 물질별 총량·면제 여부를 판정|두 요건을 모두 충족하면 생산·수입 전에 신고하고 양수자에게 양도 전 또는 동시에 정보를 제공하며 소비자 45일 대응절차를 준비","공급망 성분표와 질량수지 계산 우선|성분 비공개·코팅·프린트·합성수지 등 불확실 부위의 표적분석|시험값과 구매·생산량 데이터의 연결 검증","CAS별 물질 인벤토리·SDS·성분확인서|제품·부위별 함량과 신고의무자별 연간 생산·수입량 계산서|제품 사용설명서·사진·분석성적서·면제판단서|신고서·신고증·변경자료·정보제공 양식","환경/EHS·화학규제 주관 · 구매·공급망·생산기획·재무수량관리·국내 수입자 협업","신규 원료 승인 시 목록 대조, 연간 계획 확정 시 총량 산정, 대상이면 생산·수입 전 신고","모든 적용부위의 CAS·함량·연간총량·면제근거가 연결되고 두 요건 모두 충족 시 신고증과 양도 전 정보제공·소비자 45일 대응체계가 확보된 상태","물질 검출만으로 신고대상이 되는 것은 아니다. 제품 1개당 0.1중량% 초과와 신고의무자별 취급제품 전체의 동일 물질 연간 1톤 초과를 모두 충족하는지 판정한다.","https://www.law.go.kr/LSW/lsInfoP.do?lsId=011857"
